{"cameraMode":{"drawMode":0,"name":"Shaded","section":"Shading Mode"},"sceneLighting":false,"audioPlay":false,"sceneViewState":{"showFog":true,"showMaterialUpdate":false,"showSkybox":false,"showFlares":true,"showImageEffects":true,"showParticleSystems":true},"in2DMode":false,"pivot":{"x":-36.32749938964844,"y":2.3375000953674318,"z":0.3700000047683716},"rotation":{"x":-0.28280484676361086,"y":0.19227133691310883,"z":-0.05784698203206062,"w":-0.9379844665527344},"size":36.946895599365237,"orthographic":false}