{"cameraMode":{"drawMode":0,"name":"Shaded","section":"Shading Mode"},"sceneLighting":false,"audioPlay":false,"sceneViewState":{"showFog":true,"showMaterialUpdate":false,"showSkybox":false,"showFlares":true,"showImageEffects":true,"showParticleSystems":true},"in2DMode":false,"pivot":{"x":0.0005785822868347168,"y":-0.0018333196640014649,"z":0.07596886157989502},"rotation":{"x":0.002745597856119275,"y":-0.9881742000579834,"z":0.15269851684570313,"w":0.01817401498556137},"size":0.9000200033187866,"orthographic":false}