{"cameraMode":{"drawMode":0,"name":"Shaded","section":"Shading Mode"},"sceneLighting":false,"audioPlay":false,"sceneViewState":{"showFog":true,"showMaterialUpdate":false,"showSkybox":false,"showFlares":true,"showImageEffects":true,"showParticleSystems":true},"in2DMode":false,"pivot":{"x":0.1080000028014183,"y":0.42657405138015749,"z":-2.905635356903076},"rotation":{"x":-0.6663979887962341,"y":0.003943729680031538,"z":-0.00357669685035944,"w":-0.7456774115562439},"size":0.11138446629047394,"orthographic":false}